<annotation>
	<folder>Data</folder>
	<filename>1.jpg</filename>
	<path>C:\Users\lant\Desktop\illegal_poacher_detection\Data\1.jpg</path>
	<source>
		<database>Unknown</database>
	</source>
	<size>
		<width>224</width>
		<height>224</height>
		<depth>3</depth>
	</size>
	<segmented>0</segmented>
	<object>
		<name>Poacher</name>
		<pose>Unspecified</pose>
		<truncated>0</truncated>
		<difficult>0</difficult>
		<bndbox>
			<xmin>27</xmin>
			<ymin>18</ymin>
			<xmax>85</xmax>
			<ymax>129</ymax>
		</bndbox>
	</object>
	<object>
		<name>Poacher</name>
		<pose>Unspecified</pose>
		<truncated>0</truncated>
		<difficult>0</difficult>
		<bndbox>
			<xmin>71</xmin>
			<ymin>52</ymin>
			<xmax>117</xmax>
			<ymax>136</ymax>
		</bndbox>
	</object>
	<object>
		<name>Poacher</name>
		<pose>Unspecified</pose>
		<truncated>0</truncated>
		<difficult>0</difficult>
		<bndbox>
			<xmin>125</xmin>
			<ymin>42</ymin>
			<xmax>185</xmax>
			<ymax>185</ymax>
		</bndbox>
	</object>
</annotation>
