<annotation>
	<folder>Data</folder>
	<filename>103.jpg</filename>
	<path>C:\Users\lant\Desktop\illegal_poacher_detection\Data\103.jpg</path>
	<source>
		<database>Unknown</database>
	</source>
	<size>
		<width>224</width>
		<height>224</height>
		<depth>3</depth>
	</size>
	<segmented>0</segmented>
	<object>
		<name>Poacher</name>
		<pose>Unspecified</pose>
		<truncated>0</truncated>
		<difficult>0</difficult>
		<bndbox>
			<xmin>108</xmin>
			<ymin>47</ymin>
			<xmax>151</xmax>
			<ymax>190</ymax>
		</bndbox>
	</object>
	<object>
		<name>Poacher</name>
		<pose>Unspecified</pose>
		<truncated>0</truncated>
		<difficult>0</difficult>
		<bndbox>
			<xmin>75</xmin>
			<ymin>35</ymin>
			<xmax>116</xmax>
			<ymax>129</ymax>
		</bndbox>
	</object>
</annotation>
