<annotation>
	<folder>Data</folder>
	<filename>108.jpg</filename>
	<path>C:\Users\lant\Desktop\illegal_poacher_detection\Data\108.jpg</path>
	<source>
		<database>Unknown</database>
	</source>
	<size>
		<width>224</width>
		<height>224</height>
		<depth>3</depth>
	</size>
	<segmented>0</segmented>
	<object>
		<name>Poacher</name>
		<pose>Unspecified</pose>
		<truncated>0</truncated>
		<difficult>0</difficult>
		<bndbox>
			<xmin>81</xmin>
			<ymin>34</ymin>
			<xmax>198</xmax>
			<ymax>193</ymax>
		</bndbox>
	</object>
	<object>
		<name>Poacher</name>
		<pose>Unspecified</pose>
		<truncated>0</truncated>
		<difficult>0</difficult>
		<bndbox>
			<xmin>34</xmin>
			<ymin>145</ymin>
			<xmax>72</xmax>
			<ymax>200</ymax>
		</bndbox>
	</object>
	<object>
		<name>Poacher</name>
		<pose>Unspecified</pose>
		<truncated>0</truncated>
		<difficult>0</difficult>
		<bndbox>
			<xmin>7</xmin>
			<ymin>153</ymin>
			<xmax>43</xmax>
			<ymax>206</ymax>
		</bndbox>
	</object>
</annotation>
