<annotation>
	<folder>Data</folder>
	<filename>112.jpg</filename>
	<path>C:\Users\lant\Desktop\illegal_poacher_detection\Data\112.jpg</path>
	<source>
		<database>Unknown</database>
	</source>
	<size>
		<width>224</width>
		<height>224</height>
		<depth>3</depth>
	</size>
	<segmented>0</segmented>
	<object>
		<name>Poacher</name>
		<pose>Unspecified</pose>
		<truncated>0</truncated>
		<difficult>0</difficult>
		<bndbox>
			<xmin>14</xmin>
			<ymin>37</ymin>
			<xmax>86</xmax>
			<ymax>185</ymax>
		</bndbox>
	</object>
	<object>
		<name>Poacher</name>
		<pose>Unspecified</pose>
		<truncated>0</truncated>
		<difficult>0</difficult>
		<bndbox>
			<xmin>79</xmin>
			<ymin>63</ymin>
			<xmax>131</xmax>
			<ymax>170</ymax>
		</bndbox>
	</object>
</annotation>
