<annotation>
	<folder>Data</folder>
	<filename>114.jpg</filename>
	<path>C:\Users\lant\Desktop\illegal_poacher_detection\Data\114.jpg</path>
	<source>
		<database>Unknown</database>
	</source>
	<size>
		<width>224</width>
		<height>224</height>
		<depth>3</depth>
	</size>
	<segmented>0</segmented>
	<object>
		<name>Ranger</name>
		<pose>Unspecified</pose>
		<truncated>0</truncated>
		<difficult>0</difficult>
		<bndbox>
			<xmin>6</xmin>
			<ymin>17</ymin>
			<xmax>67</xmax>
			<ymax>191</ymax>
		</bndbox>
	</object>
	<object>
		<name>Ranger</name>
		<pose>Unspecified</pose>
		<truncated>0</truncated>
		<difficult>0</difficult>
		<bndbox>
			<xmin>132</xmin>
			<ymin>11</ymin>
			<xmax>216</xmax>
			<ymax>196</ymax>
		</bndbox>
	</object>
</annotation>
