<annotation>
	<folder>Data</folder>
	<filename>128.jpg</filename>
	<path>C:\Users\lant\Desktop\illegal_poacher_detection\Data\128.jpg</path>
	<source>
		<database>Unknown</database>
	</source>
	<size>
		<width>224</width>
		<height>224</height>
		<depth>3</depth>
	</size>
	<segmented>0</segmented>
	<object>
		<name>Poacher</name>
		<pose>Unspecified</pose>
		<truncated>0</truncated>
		<difficult>0</difficult>
		<bndbox>
			<xmin>2</xmin>
			<ymin>23</ymin>
			<xmax>91</xmax>
			<ymax>170</ymax>
		</bndbox>
	</object>
	<object>
		<name>Poacher</name>
		<pose>Unspecified</pose>
		<truncated>1</truncated>
		<difficult>0</difficult>
		<bndbox>
			<xmin>100</xmin>
			<ymin>7</ymin>
			<xmax>224</xmax>
			<ymax>162</ymax>
		</bndbox>
	</object>
</annotation>
