<annotation>
	<folder>Data</folder>
	<filename>139.jpg</filename>
	<path>C:\Users\lant\Desktop\illegal_poacher_detection\Data\139.jpg</path>
	<source>
		<database>Unknown</database>
	</source>
	<size>
		<width>224</width>
		<height>224</height>
		<depth>3</depth>
	</size>
	<segmented>0</segmented>
	<object>
		<name>Poacher</name>
		<pose>Unspecified</pose>
		<truncated>0</truncated>
		<difficult>0</difficult>
		<bndbox>
			<xmin>12</xmin>
			<ymin>41</ymin>
			<xmax>43</xmax>
			<ymax>81</ymax>
		</bndbox>
	</object>
	<object>
		<name>Poacher</name>
		<pose>Unspecified</pose>
		<truncated>0</truncated>
		<difficult>0</difficult>
		<bndbox>
			<xmin>44</xmin>
			<ymin>64</ymin>
			<xmax>131</xmax>
			<ymax>141</ymax>
		</bndbox>
	</object>
</annotation>
