<annotation>
	<folder>Data</folder>
	<filename>178.jpg</filename>
	<path>C:\Users\lant\Desktop\illegal_poacher_detection\Data\178.jpg</path>
	<source>
		<database>Unknown</database>
	</source>
	<size>
		<width>224</width>
		<height>224</height>
		<depth>3</depth>
	</size>
	<segmented>0</segmented>
	<object>
		<name>Poacher</name>
		<pose>Unspecified</pose>
		<truncated>0</truncated>
		<difficult>0</difficult>
		<bndbox>
			<xmin>47</xmin>
			<ymin>85</ymin>
			<xmax>84</xmax>
			<ymax>144</ymax>
		</bndbox>
	</object>
	<object>
		<name>Poacher</name>
		<pose>Unspecified</pose>
		<truncated>0</truncated>
		<difficult>0</difficult>
		<bndbox>
			<xmin>93</xmin>
			<ymin>83</ymin>
			<xmax>139</xmax>
			<ymax>137</ymax>
		</bndbox>
	</object>
	<object>
		<name>Poacher</name>
		<pose>Unspecified</pose>
		<truncated>0</truncated>
		<difficult>0</difficult>
		<bndbox>
			<xmin>138</xmin>
			<ymin>16</ymin>
			<xmax>222</xmax>
			<ymax>189</ymax>
		</bndbox>
	</object>
</annotation>
