<annotation>
	<folder>Data</folder>
	<filename>182.jpg</filename>
	<path>C:\Users\lant\Desktop\illegal_poacher_detection\Data\182.jpg</path>
	<source>
		<database>Unknown</database>
	</source>
	<size>
		<width>224</width>
		<height>224</height>
		<depth>3</depth>
	</size>
	<segmented>0</segmented>
	<object>
		<name>Poacher</name>
		<pose>Unspecified</pose>
		<truncated>0</truncated>
		<difficult>0</difficult>
		<bndbox>
			<xmin>29</xmin>
			<ymin>77</ymin>
			<xmax>80</xmax>
			<ymax>140</ymax>
		</bndbox>
	</object>
	<object>
		<name>Poacher</name>
		<pose>Unspecified</pose>
		<truncated>0</truncated>
		<difficult>0</difficult>
		<bndbox>
			<xmin>160</xmin>
			<ymin>84</ymin>
			<xmax>205</xmax>
			<ymax>140</ymax>
		</bndbox>
	</object>
</annotation>
