<annotation>
	<folder>Data</folder>
	<filename>186.jpg</filename>
	<path>C:\Users\lant\Desktop\illegal_poacher_detection\Data\186.jpg</path>
	<source>
		<database>Unknown</database>
	</source>
	<size>
		<width>224</width>
		<height>224</height>
		<depth>3</depth>
	</size>
	<segmented>0</segmented>
	<object>
		<name>Ranger</name>
		<pose>Unspecified</pose>
		<truncated>0</truncated>
		<difficult>0</difficult>
		<bndbox>
			<xmin>136</xmin>
			<ymin>28</ymin>
			<xmax>182</xmax>
			<ymax>162</ymax>
		</bndbox>
	</object>
	<object>
		<name>Ranger</name>
		<pose>Unspecified</pose>
		<truncated>0</truncated>
		<difficult>0</difficult>
		<bndbox>
			<xmin>185</xmin>
			<ymin>24</ymin>
			<xmax>222</xmax>
			<ymax>163</ymax>
		</bndbox>
	</object>
</annotation>
