<annotation>
	<folder>Data</folder>
	<filename>188.jpg</filename>
	<path>C:\Users\lant\Desktop\illegal_poacher_detection\Data\188.jpg</path>
	<source>
		<database>Unknown</database>
	</source>
	<size>
		<width>224</width>
		<height>224</height>
		<depth>3</depth>
	</size>
	<segmented>0</segmented>
	<object>
		<name>Poacher</name>
		<pose>Unspecified</pose>
		<truncated>0</truncated>
		<difficult>0</difficult>
		<bndbox>
			<xmin>92</xmin>
			<ymin>103</ymin>
			<xmax>128</xmax>
			<ymax>149</ymax>
		</bndbox>
	</object>
	<object>
		<name>Poacher</name>
		<pose>Unspecified</pose>
		<truncated>0</truncated>
		<difficult>0</difficult>
		<bndbox>
			<xmin>130</xmin>
			<ymin>95</ymin>
			<xmax>175</xmax>
			<ymax>144</ymax>
		</bndbox>
	</object>
	<object>
		<name>Ranger</name>
		<pose>Unspecified</pose>
		<truncated>0</truncated>
		<difficult>0</difficult>
		<bndbox>
			<xmin>18</xmin>
			<ymin>7</ymin>
			<xmax>49</xmax>
			<ymax>37</ymax>
		</bndbox>
	</object>
	<object>
		<name>Ranger</name>
		<pose>Unspecified</pose>
		<truncated>0</truncated>
		<difficult>0</difficult>
		<bndbox>
			<xmin>43</xmin>
			<ymin>3</ymin>
			<xmax>68</xmax>
			<ymax>39</ymax>
		</bndbox>
	</object>
	<object>
		<name>Ranger</name>
		<pose>Unspecified</pose>
		<truncated>0</truncated>
		<difficult>0</difficult>
		<bndbox>
			<xmin>64</xmin>
			<ymin>7</ymin>
			<xmax>89</xmax>
			<ymax>48</ymax>
		</bndbox>
	</object>
	<object>
		<name>Ranger</name>
		<pose>Unspecified</pose>
		<truncated>0</truncated>
		<difficult>0</difficult>
		<bndbox>
			<xmin>86</xmin>
			<ymin>10</ymin>
			<xmax>108</xmax>
			<ymax>48</ymax>
		</bndbox>
	</object>
	<object>
		<name>Ranger</name>
		<pose>Unspecified</pose>
		<truncated>0</truncated>
		<difficult>0</difficult>
		<bndbox>
			<xmin>106</xmin>
			<ymin>7</ymin>
			<xmax>130</xmax>
			<ymax>57</ymax>
		</bndbox>
	</object>
	<object>
		<name>Ranger</name>
		<pose>Unspecified</pose>
		<truncated>1</truncated>
		<difficult>0</difficult>
		<bndbox>
			<xmin>130</xmin>
			<ymin>1</ymin>
			<xmax>154</xmax>
			<ymax>44</ymax>
		</bndbox>
	</object>
	<object>
		<name>Ranger</name>
		<pose>Unspecified</pose>
		<truncated>0</truncated>
		<difficult>0</difficult>
		<bndbox>
			<xmin>150</xmin>
			<ymin>2</ymin>
			<xmax>172</xmax>
			<ymax>34</ymax>
		</bndbox>
	</object>
	<object>
		<name>Ranger</name>
		<pose>Unspecified</pose>
		<truncated>0</truncated>
		<difficult>0</difficult>
		<bndbox>
			<xmin>168</xmin>
			<ymin>6</ymin>
			<xmax>195</xmax>
			<ymax>58</ymax>
		</bndbox>
	</object>
	<object>
		<name>Ranger</name>
		<pose>Unspecified</pose>
		<truncated>1</truncated>
		<difficult>0</difficult>
		<bndbox>
			<xmin>191</xmin>
			<ymin>2</ymin>
			<xmax>224</xmax>
			<ymax>60</ymax>
		</bndbox>
	</object>
</annotation>
