<annotation>
	<folder>Data</folder>
	<filename>199.jpg</filename>
	<path>C:\Users\lant\Desktop\illegal_poacher_detection\Data\199.jpg</path>
	<source>
		<database>Unknown</database>
	</source>
	<size>
		<width>224</width>
		<height>224</height>
		<depth>3</depth>
	</size>
	<segmented>0</segmented>
	<object>
		<name>Poacher</name>
		<pose>Unspecified</pose>
		<truncated>0</truncated>
		<difficult>0</difficult>
		<bndbox>
			<xmin>21</xmin>
			<ymin>18</ymin>
			<xmax>70</xmax>
			<ymax>105</ymax>
		</bndbox>
	</object>
	<object>
		<name>Poacher</name>
		<pose>Unspecified</pose>
		<truncated>0</truncated>
		<difficult>0</difficult>
		<bndbox>
			<xmin>63</xmin>
			<ymin>20</ymin>
			<xmax>101</xmax>
			<ymax>130</ymax>
		</bndbox>
	</object>
	<object>
		<name>Poacher</name>
		<pose>Unspecified</pose>
		<truncated>0</truncated>
		<difficult>0</difficult>
		<bndbox>
			<xmin>91</xmin>
			<ymin>10</ymin>
			<xmax>140</xmax>
			<ymax>86</ymax>
		</bndbox>
	</object>
</annotation>
