<annotation>
	<folder>Data</folder>
	<filename>200.jpg</filename>
	<path>C:\Users\lant\Desktop\illegal_poacher_detection\Data\200.jpg</path>
	<source>
		<database>Unknown</database>
	</source>
	<size>
		<width>224</width>
		<height>224</height>
		<depth>3</depth>
	</size>
	<segmented>0</segmented>
	<object>
		<name>Poacher</name>
		<pose>Unspecified</pose>
		<truncated>0</truncated>
		<difficult>0</difficult>
		<bndbox>
			<xmin>58</xmin>
			<ymin>91</ymin>
			<xmax>91</xmax>
			<ymax>158</ymax>
		</bndbox>
	</object>
	<object>
		<name>Poacher</name>
		<pose>Unspecified</pose>
		<truncated>0</truncated>
		<difficult>0</difficult>
		<bndbox>
			<xmin>28</xmin>
			<ymin>96</ymin>
			<xmax>59</xmax>
			<ymax>163</ymax>
		</bndbox>
	</object>
	<object>
		<name>Poacher</name>
		<pose>Unspecified</pose>
		<truncated>0</truncated>
		<difficult>0</difficult>
		<bndbox>
			<xmin>7</xmin>
			<ymin>103</ymin>
			<xmax>37</xmax>
			<ymax>159</ymax>
		</bndbox>
	</object>
</annotation>
