<annotation>
	<folder>Data</folder>
	<filename>234.jpg</filename>
	<path>C:\Users\lant\Desktop\illegal_poacher_detection\Data\234.jpg</path>
	<source>
		<database>Unknown</database>
	</source>
	<size>
		<width>224</width>
		<height>224</height>
		<depth>3</depth>
	</size>
	<segmented>0</segmented>
	<object>
		<name>Poacher</name>
		<pose>Unspecified</pose>
		<truncated>0</truncated>
		<difficult>0</difficult>
		<bndbox>
			<xmin>154</xmin>
			<ymin>82</ymin>
			<xmax>208</xmax>
			<ymax>198</ymax>
		</bndbox>
	</object>
	<object>
		<name>Poacher</name>
		<pose>Unspecified</pose>
		<truncated>0</truncated>
		<difficult>0</difficult>
		<bndbox>
			<xmin>9</xmin>
			<ymin>70</ymin>
			<xmax>75</xmax>
			<ymax>181</ymax>
		</bndbox>
	</object>
</annotation>
