<annotation>
	<folder>Data</folder>
	<filename>236.jpg</filename>
	<path>C:\Users\lant\Desktop\illegal_poacher_detection\Data\236.jpg</path>
	<source>
		<database>Unknown</database>
	</source>
	<size>
		<width>224</width>
		<height>224</height>
		<depth>3</depth>
	</size>
	<segmented>0</segmented>
	<object>
		<name>Poacher</name>
		<pose>Unspecified</pose>
		<truncated>1</truncated>
		<difficult>0</difficult>
		<bndbox>
			<xmin>191</xmin>
			<ymin>1</ymin>
			<xmax>224</xmax>
			<ymax>170</ymax>
		</bndbox>
	</object>
	<object>
		<name>Poacher</name>
		<pose>Unspecified</pose>
		<truncated>0</truncated>
		<difficult>0</difficult>
		<bndbox>
			<xmin>142</xmin>
			<ymin>58</ymin>
			<xmax>167</xmax>
			<ymax>152</ymax>
		</bndbox>
	</object>
</annotation>
