<annotation>
	<folder>Data</folder>
	<filename>246.jpg</filename>
	<path>C:\Users\lant\Desktop\illegal_poacher_detection\Data\246.jpg</path>
	<source>
		<database>Unknown</database>
	</source>
	<size>
		<width>224</width>
		<height>224</height>
		<depth>3</depth>
	</size>
	<segmented>0</segmented>
	<object>
		<name>Poacher</name>
		<pose>Unspecified</pose>
		<truncated>0</truncated>
		<difficult>0</difficult>
		<bndbox>
			<xmin>102</xmin>
			<ymin>2</ymin>
			<xmax>148</xmax>
			<ymax>133</ymax>
		</bndbox>
	</object>
	<object>
		<name>Poacher</name>
		<pose>Unspecified</pose>
		<truncated>1</truncated>
		<difficult>0</difficult>
		<bndbox>
			<xmin>175</xmin>
			<ymin>3</ymin>
			<xmax>224</xmax>
			<ymax>104</ymax>
		</bndbox>
	</object>
</annotation>
