<annotation>
	<folder>Data</folder>
	<filename>269.jpg</filename>
	<path>C:\Users\lant\Desktop\illegal_poacher_detection\Data\269.jpg</path>
	<source>
		<database>Unknown</database>
	</source>
	<size>
		<width>224</width>
		<height>224</height>
		<depth>3</depth>
	</size>
	<segmented>0</segmented>
	<object>
		<name>Poacher</name>
		<pose>Unspecified</pose>
		<truncated>0</truncated>
		<difficult>0</difficult>
		<bndbox>
			<xmin>104</xmin>
			<ymin>45</ymin>
			<xmax>156</xmax>
			<ymax>143</ymax>
		</bndbox>
	</object>
	<object>
		<name>Poacher</name>
		<pose>Unspecified</pose>
		<truncated>0</truncated>
		<difficult>0</difficult>
		<bndbox>
			<xmin>66</xmin>
			<ymin>36</ymin>
			<xmax>99</xmax>
			<ymax>98</ymax>
		</bndbox>
	</object>
</annotation>
