<annotation>
	<folder>Data</folder>
	<filename>27.jpg</filename>
	<path>C:\Users\lant\Desktop\illegal_poacher_detection\Data\27.jpg</path>
	<source>
		<database>Unknown</database>
	</source>
	<size>
		<width>224</width>
		<height>224</height>
		<depth>3</depth>
	</size>
	<segmented>0</segmented>
	<object>
		<name>Poacher</name>
		<pose>Unspecified</pose>
		<truncated>0</truncated>
		<difficult>0</difficult>
		<bndbox>
			<xmin>83</xmin>
			<ymin>64</ymin>
			<xmax>120</xmax>
			<ymax>193</ymax>
		</bndbox>
	</object>
	<object>
		<name>Poacher</name>
		<pose>Unspecified</pose>
		<truncated>0</truncated>
		<difficult>0</difficult>
		<bndbox>
			<xmin>20</xmin>
			<ymin>37</ymin>
			<xmax>76</xmax>
			<ymax>205</ymax>
		</bndbox>
	</object>
</annotation>
