<annotation>
	<folder>Data</folder>
	<filename>282.jpg</filename>
	<path>C:\Users\lant\Desktop\illegal_poacher_detection\Data\282.jpg</path>
	<source>
		<database>Unknown</database>
	</source>
	<size>
		<width>224</width>
		<height>224</height>
		<depth>3</depth>
	</size>
	<segmented>0</segmented>
	<object>
		<name>Poacher</name>
		<pose>Unspecified</pose>
		<truncated>0</truncated>
		<difficult>0</difficult>
		<bndbox>
			<xmin>138</xmin>
			<ymin>63</ymin>
			<xmax>193</xmax>
			<ymax>155</ymax>
		</bndbox>
	</object>
	<object>
		<name>Poacher</name>
		<pose>Unspecified</pose>
		<truncated>0</truncated>
		<difficult>0</difficult>
		<bndbox>
			<xmin>70</xmin>
			<ymin>68</ymin>
			<xmax>93</xmax>
			<ymax>120</ymax>
		</bndbox>
	</object>
	<object>
		<name>Ranger</name>
		<pose>Unspecified</pose>
		<truncated>0</truncated>
		<difficult>0</difficult>
		<bndbox>
			<xmin>76</xmin>
			<ymin>3</ymin>
			<xmax>127</xmax>
			<ymax>69</ymax>
		</bndbox>
	</object>
	<object>
		<name>Ranger</name>
		<pose>Unspecified</pose>
		<truncated>1</truncated>
		<difficult>0</difficult>
		<bndbox>
			<xmin>21</xmin>
			<ymin>1</ymin>
			<xmax>75</xmax>
			<ymax>62</ymax>
		</bndbox>
	</object>
</annotation>
