<annotation>
	<folder>Data</folder>
	<filename>283.jpg</filename>
	<path>C:\Users\lant\Desktop\illegal_poacher_detection\Data\283.jpg</path>
	<source>
		<database>Unknown</database>
	</source>
	<size>
		<width>224</width>
		<height>224</height>
		<depth>3</depth>
	</size>
	<segmented>0</segmented>
	<object>
		<name>Poacher</name>
		<pose>Unspecified</pose>
		<truncated>0</truncated>
		<difficult>0</difficult>
		<bndbox>
			<xmin>21</xmin>
			<ymin>106</ymin>
			<xmax>50</xmax>
			<ymax>150</ymax>
		</bndbox>
	</object>
	<object>
		<name>Poacher</name>
		<pose>Unspecified</pose>
		<truncated>0</truncated>
		<difficult>0</difficult>
		<bndbox>
			<xmin>53</xmin>
			<ymin>117</ymin>
			<xmax>78</xmax>
			<ymax>164</ymax>
		</bndbox>
	</object>
</annotation>
