<annotation>
	<folder>Data</folder>
	<filename>294.jpg</filename>
	<path>C:\Users\lant\Desktop\illegal_poacher_detection\Data\294.jpg</path>
	<source>
		<database>Unknown</database>
	</source>
	<size>
		<width>224</width>
		<height>224</height>
		<depth>3</depth>
	</size>
	<segmented>0</segmented>
	<object>
		<name>Poacher</name>
		<pose>Unspecified</pose>
		<truncated>0</truncated>
		<difficult>0</difficult>
		<bndbox>
			<xmin>152</xmin>
			<ymin>76</ymin>
			<xmax>173</xmax>
			<ymax>148</ymax>
		</bndbox>
	</object>
	<object>
		<name>Poacher</name>
		<pose>Unspecified</pose>
		<truncated>0</truncated>
		<difficult>0</difficult>
		<bndbox>
			<xmin>124</xmin>
			<ymin>59</ymin>
			<xmax>145</xmax>
			<ymax>119</ymax>
		</bndbox>
	</object>
</annotation>
