<annotation>
	<folder>Data</folder>
	<filename>67.jpg</filename>
	<path>C:\Users\lant\Desktop\illegal_poacher_detection\Data\67.jpg</path>
	<source>
		<database>Unknown</database>
	</source>
	<size>
		<width>224</width>
		<height>224</height>
		<depth>3</depth>
	</size>
	<segmented>0</segmented>
	<object>
		<name>Ranger</name>
		<pose>Unspecified</pose>
		<truncated>0</truncated>
		<difficult>0</difficult>
		<bndbox>
			<xmin>74</xmin>
			<ymin>55</ymin>
			<xmax>163</xmax>
			<ymax>208</ymax>
		</bndbox>
	</object>
	<object>
		<name>Ranger</name>
		<pose>Unspecified</pose>
		<truncated>0</truncated>
		<difficult>0</difficult>
		<bndbox>
			<xmin>154</xmin>
			<ymin>79</ymin>
			<xmax>184</xmax>
			<ymax>116</ymax>
		</bndbox>
	</object>
</annotation>
