<annotation>
	<folder>Data</folder>
	<filename>74.jpg</filename>
	<path>C:\Users\lant\Desktop\illegal_poacher_detection\Data\74.jpg</path>
	<source>
		<database>Unknown</database>
	</source>
	<size>
		<width>224</width>
		<height>224</height>
		<depth>3</depth>
	</size>
	<segmented>0</segmented>
	<object>
		<name>Poacher</name>
		<pose>Unspecified</pose>
		<truncated>0</truncated>
		<difficult>0</difficult>
		<bndbox>
			<xmin>19</xmin>
			<ymin>45</ymin>
			<xmax>84</xmax>
			<ymax>179</ymax>
		</bndbox>
	</object>
	<object>
		<name>Poacher</name>
		<pose>Unspecified</pose>
		<truncated>0</truncated>
		<difficult>0</difficult>
		<bndbox>
			<xmin>118</xmin>
			<ymin>51</ymin>
			<xmax>179</xmax>
			<ymax>147</ymax>
		</bndbox>
	</object>
</annotation>
