<annotation>
	<folder>Data</folder>
	<filename>80.jpg</filename>
	<path>C:\Users\lant\Desktop\illegal_poacher_detection\Data\80.jpg</path>
	<source>
		<database>Unknown</database>
	</source>
	<size>
		<width>224</width>
		<height>224</height>
		<depth>3</depth>
	</size>
	<segmented>0</segmented>
	<object>
		<name>Ranger</name>
		<pose>Unspecified</pose>
		<truncated>0</truncated>
		<difficult>0</difficult>
		<bndbox>
			<xmin>143</xmin>
			<ymin>91</ymin>
			<xmax>197</xmax>
			<ymax>159</ymax>
		</bndbox>
	</object>
	<object>
		<name>Ranger</name>
		<pose>Unspecified</pose>
		<truncated>0</truncated>
		<difficult>0</difficult>
		<bndbox>
			<xmin>58</xmin>
			<ymin>95</ymin>
			<xmax>125</xmax>
			<ymax>174</ymax>
		</bndbox>
	</object>
</annotation>
