<annotation>
	<folder>Data</folder>
	<filename>85.jpg</filename>
	<path>C:\Users\lant\Desktop\illegal_poacher_detection\Data\85.jpg</path>
	<source>
		<database>Unknown</database>
	</source>
	<size>
		<width>224</width>
		<height>224</height>
		<depth>3</depth>
	</size>
	<segmented>0</segmented>
	<object>
		<name>Poacher</name>
		<pose>Unspecified</pose>
		<truncated>0</truncated>
		<difficult>0</difficult>
		<bndbox>
			<xmin>30</xmin>
			<ymin>55</ymin>
			<xmax>89</xmax>
			<ymax>137</ymax>
		</bndbox>
	</object>
	<object>
		<name>Poacher</name>
		<pose>Unspecified</pose>
		<truncated>0</truncated>
		<difficult>0</difficult>
		<bndbox>
			<xmin>84</xmin>
			<ymin>82</ymin>
			<xmax>147</xmax>
			<ymax>199</ymax>
		</bndbox>
	</object>
	<object>
		<name>Poacher</name>
		<pose>Unspecified</pose>
		<truncated>0</truncated>
		<difficult>0</difficult>
		<bndbox>
			<xmin>170</xmin>
			<ymin>92</ymin>
			<xmax>221</xmax>
			<ymax>200</ymax>
		</bndbox>
	</object>
</annotation>
