<annotation>
	<folder>Data</folder>
	<filename>100.jpg</filename>
	<path>C:\Users\lant\Desktop\illegal_poacher_detection\Data\100.jpg</path>
	<source>
		<database>Unknown</database>
	</source>
	<size>
		<width>224</width>
		<height>224</height>
		<depth>3</depth>
	</size>
	<segmented>0</segmented>
	<object>
		<name>Ranger</name>
		<pose>Unspecified</pose>
		<truncated>0</truncated>
		<difficult>0</difficult>
		<bndbox>
			<xmin>97</xmin>
			<ymin>10</ymin>
			<xmax>155</xmax>
			<ymax>127</ymax>
		</bndbox>
	</object>
	<object>
		<name>Poacher</name>
		<pose>Unspecified</pose>
		<truncated>0</truncated>
		<difficult>0</difficult>
		<bndbox>
			<xmin>45</xmin>
			<ymin>3</ymin>
			<xmax>93</xmax>
			<ymax>78</ymax>
		</bndbox>
	</object>
	<object>
		<name>Poacher</name>
		<pose>Unspecified</pose>
		<truncated>0</truncated>
		<difficult>0</difficult>
		<bndbox>
			<xmin>26</xmin>
			<ymin>22</ymin>
			<xmax>78</xmax>
			<ymax>145</ymax>
		</bndbox>
	</object>
</annotation>
