<annotation>
	<folder>Data</folder>
	<filename>141.jpg</filename>
	<path>C:\Users\lant\Desktop\illegal_poacher_detection\Data\141.jpg</path>
	<source>
		<database>Unknown</database>
	</source>
	<size>
		<width>224</width>
		<height>224</height>
		<depth>3</depth>
	</size>
	<segmented>0</segmented>
	<object>
		<name>Poacher</name>
		<pose>Unspecified</pose>
		<truncated>0</truncated>
		<difficult>0</difficult>
		<bndbox>
			<xmin>31</xmin>
			<ymin>96</ymin>
			<xmax>150</xmax>
			<ymax>210</ymax>
		</bndbox>
	</object>
	<object>
		<name>Poacher</name>
		<pose>Unspecified</pose>
		<truncated>0</truncated>
		<difficult>0</difficult>
		<bndbox>
			<xmin>143</xmin>
			<ymin>81</ymin>
			<xmax>209</xmax>
			<ymax>148</ymax>
		</bndbox>
	</object>
</annotation>
