<annotation>
	<folder>Data</folder>
	<filename>144.jpg</filename>
	<path>C:\Users\lant\Desktop\illegal_poacher_detection\Data\144.jpg</path>
	<source>
		<database>Unknown</database>
	</source>
	<size>
		<width>224</width>
		<height>224</height>
		<depth>3</depth>
	</size>
	<segmented>0</segmented>
	<object>
		<name>Poacher</name>
		<pose>Unspecified</pose>
		<truncated>0</truncated>
		<difficult>0</difficult>
		<bndbox>
			<xmin>42</xmin>
			<ymin>81</ymin>
			<xmax>84</xmax>
			<ymax>125</ymax>
		</bndbox>
	</object>
	<object>
		<name>Poacher</name>
		<pose>Unspecified</pose>
		<truncated>0</truncated>
		<difficult>0</difficult>
		<bndbox>
			<xmin>92</xmin>
			<ymin>82</ymin>
			<xmax>130</xmax>
			<ymax>142</ymax>
		</bndbox>
	</object>
	<object>
		<name>Poacher</name>
		<pose>Unspecified</pose>
		<truncated>1</truncated>
		<difficult>0</difficult>
		<bndbox>
			<xmin>133</xmin>
			<ymin>25</ymin>
			<xmax>224</xmax>
			<ymax>185</ymax>
		</bndbox>
	</object>
</annotation>
