<annotation>
	<folder>Data</folder>
	<filename>162.jpg</filename>
	<path>C:\Users\lant\Desktop\illegal_poacher_detection\Data\162.jpg</path>
	<source>
		<database>Unknown</database>
	</source>
	<size>
		<width>224</width>
		<height>224</height>
		<depth>3</depth>
	</size>
	<segmented>0</segmented>
	<object>
		<name>Poacher</name>
		<pose>Unspecified</pose>
		<truncated>0</truncated>
		<difficult>0</difficult>
		<bndbox>
			<xmin>101</xmin>
			<ymin>64</ymin>
			<xmax>181</xmax>
			<ymax>184</ymax>
		</bndbox>
	</object>
	<object>
		<name>Poacher</name>
		<pose>Unspecified</pose>
		<truncated>0</truncated>
		<difficult>0</difficult>
		<bndbox>
			<xmin>40</xmin>
			<ymin>56</ymin>
			<xmax>118</xmax>
			<ymax>151</ymax>
		</bndbox>
	</object>
</annotation>
