<annotation>
	<folder>Data</folder>
	<filename>168.jpg</filename>
	<path>C:\Users\lant\Desktop\illegal_poacher_detection\Data\168.jpg</path>
	<source>
		<database>Unknown</database>
	</source>
	<size>
		<width>224</width>
		<height>224</height>
		<depth>3</depth>
	</size>
	<segmented>0</segmented>
	<object>
		<name>Poacher</name>
		<pose>Unspecified</pose>
		<truncated>0</truncated>
		<difficult>0</difficult>
		<bndbox>
			<xmin>145</xmin>
			<ymin>46</ymin>
			<xmax>220</xmax>
			<ymax>172</ymax>
		</bndbox>
	</object>
	<object>
		<name>Poacher</name>
		<pose>Unspecified</pose>
		<truncated>0</truncated>
		<difficult>0</difficult>
		<bndbox>
			<xmin>86</xmin>
			<ymin>63</ymin>
			<xmax>153</xmax>
			<ymax>168</ymax>
		</bndbox>
	</object>
</annotation>
