<annotation>
	<folder>Data</folder>
	<filename>18.jpg</filename>
	<path>C:\Users\lant\Desktop\illegal_poacher_detection\Data\18.jpg</path>
	<source>
		<database>Unknown</database>
	</source>
	<size>
		<width>224</width>
		<height>224</height>
		<depth>3</depth>
	</size>
	<segmented>0</segmented>
	<object>
		<name>Ranger</name>
		<pose>Unspecified</pose>
		<truncated>0</truncated>
		<difficult>0</difficult>
		<bndbox>
			<xmin>19</xmin>
			<ymin>62</ymin>
			<xmax>45</xmax>
			<ymax>116</ymax>
		</bndbox>
	</object>
	<object>
		<name>Ranger</name>
		<pose>Unspecified</pose>
		<truncated>0</truncated>
		<difficult>0</difficult>
		<bndbox>
			<xmin>50</xmin>
			<ymin>61</ymin>
			<xmax>87</xmax>
			<ymax>155</ymax>
		</bndbox>
	</object>
	<object>
		<name>Ranger</name>
		<pose>Unspecified</pose>
		<truncated>0</truncated>
		<difficult>0</difficult>
		<bndbox>
			<xmin>106</xmin>
			<ymin>10</ymin>
			<xmax>200</xmax>
			<ymax>182</ymax>
		</bndbox>
	</object>
</annotation>
