<annotation>
	<folder>Data</folder>
	<filename>190.jpg</filename>
	<path>C:\Users\lant\Desktop\illegal_poacher_detection\Data\190.jpg</path>
	<source>
		<database>Unknown</database>
	</source>
	<size>
		<width>224</width>
		<height>224</height>
		<depth>3</depth>
	</size>
	<segmented>0</segmented>
	<object>
		<name>Poacher</name>
		<pose>Unspecified</pose>
		<truncated>0</truncated>
		<difficult>0</difficult>
		<bndbox>
			<xmin>48</xmin>
			<ymin>76</ymin>
			<xmax>80</xmax>
			<ymax>108</ymax>
		</bndbox>
	</object>
	<object>
		<name>Poacher</name>
		<pose>Unspecified</pose>
		<truncated>0</truncated>
		<difficult>0</difficult>
		<bndbox>
			<xmin>147</xmin>
			<ymin>101</ymin>
			<xmax>177</xmax>
			<ymax>133</ymax>
		</bndbox>
	</object>
	<object>
		<name>Poacher</name>
		<pose>Unspecified</pose>
		<truncated>0</truncated>
		<difficult>0</difficult>
		<bndbox>
			<xmin>179</xmin>
			<ymin>79</ymin>
			<xmax>208</xmax>
			<ymax>120</ymax>
		</bndbox>
	</object>
	<object>
		<name>Poacher</name>
		<pose>Unspecified</pose>
		<truncated>0</truncated>
		<difficult>0</difficult>
		<bndbox>
			<xmin>82</xmin>
			<ymin>71</ymin>
			<xmax>106</xmax>
			<ymax>111</ymax>
		</bndbox>
	</object>
	<object>
		<name>Poacher</name>
		<pose>Unspecified</pose>
		<truncated>0</truncated>
		<difficult>0</difficult>
		<bndbox>
			<xmin>154</xmin>
			<ymin>79</ymin>
			<xmax>177</xmax>
			<ymax>111</ymax>
		</bndbox>
	</object>
</annotation>
