<annotation>
	<folder>Data</folder>
	<filename>191.jpg</filename>
	<path>C:\Users\lant\Desktop\illegal_poacher_detection\Data\191.jpg</path>
	<source>
		<database>Unknown</database>
	</source>
	<size>
		<width>224</width>
		<height>224</height>
		<depth>3</depth>
	</size>
	<segmented>0</segmented>
	<object>
		<name>Poacher</name>
		<pose>Unspecified</pose>
		<truncated>0</truncated>
		<difficult>0</difficult>
		<bndbox>
			<xmin>111</xmin>
			<ymin>29</ymin>
			<xmax>190</xmax>
			<ymax>98</ymax>
		</bndbox>
	</object>
	<object>
		<name>Poacher</name>
		<pose>Unspecified</pose>
		<truncated>1</truncated>
		<difficult>0</difficult>
		<bndbox>
			<xmin>30</xmin>
			<ymin>1</ymin>
			<xmax>91</xmax>
			<ymax>60</ymax>
		</bndbox>
	</object>
</annotation>
