<annotation>
	<folder>Data</folder>
	<filename>208.jpg</filename>
	<path>C:\Users\lant\Desktop\illegal_poacher_detection\Data\208.jpg</path>
	<source>
		<database>Unknown</database>
	</source>
	<size>
		<width>224</width>
		<height>224</height>
		<depth>3</depth>
	</size>
	<segmented>0</segmented>
	<object>
		<name>Poacher</name>
		<pose>Unspecified</pose>
		<truncated>0</truncated>
		<difficult>0</difficult>
		<bndbox>
			<xmin>10</xmin>
			<ymin>37</ymin>
			<xmax>75</xmax>
			<ymax>154</ymax>
		</bndbox>
	</object>
	<object>
		<name>Poacher</name>
		<pose>Unspecified</pose>
		<truncated>0</truncated>
		<difficult>0</difficult>
		<bndbox>
			<xmin>103</xmin>
			<ymin>54</ymin>
			<xmax>132</xmax>
			<ymax>111</ymax>
		</bndbox>
	</object>
	<object>
		<name>Poacher</name>
		<pose>Unspecified</pose>
		<truncated>0</truncated>
		<difficult>0</difficult>
		<bndbox>
			<xmin>138</xmin>
			<ymin>53</ymin>
			<xmax>157</xmax>
			<ymax>79</ymax>
		</bndbox>
	</object>
</annotation>
