<annotation>
	<folder>Data</folder>
	<filename>232.jpg</filename>
	<path>C:\Users\lant\Desktop\illegal_poacher_detection\Data\232.jpg</path>
	<source>
		<database>Unknown</database>
	</source>
	<size>
		<width>224</width>
		<height>224</height>
		<depth>3</depth>
	</size>
	<segmented>0</segmented>
	<object>
		<name>Poacher</name>
		<pose>Unspecified</pose>
		<truncated>0</truncated>
		<difficult>0</difficult>
		<bndbox>
			<xmin>157</xmin>
			<ymin>35</ymin>
			<xmax>198</xmax>
			<ymax>211</ymax>
		</bndbox>
	</object>
	<object>
		<name>Poacher</name>
		<pose>Unspecified</pose>
		<truncated>0</truncated>
		<difficult>0</difficult>
		<bndbox>
			<xmin>111</xmin>
			<ymin>25</ymin>
			<xmax>155</xmax>
			<ymax>205</ymax>
		</bndbox>
	</object>
	<object>
		<name>Poacher</name>
		<pose>Unspecified</pose>
		<truncated>0</truncated>
		<difficult>0</difficult>
		<bndbox>
			<xmin>47</xmin>
			<ymin>76</ymin>
			<xmax>78</xmax>
			<ymax>151</ymax>
		</bndbox>
	</object>
</annotation>
