<annotation>
	<folder>Data</folder>
	<filename>24.jpg</filename>
	<path>C:\Users\lant\Desktop\illegal_poacher_detection\Data\24.jpg</path>
	<source>
		<database>Unknown</database>
	</source>
	<size>
		<width>224</width>
		<height>224</height>
		<depth>3</depth>
	</size>
	<segmented>0</segmented>
	<object>
		<name>Ranger</name>
		<pose>Unspecified</pose>
		<truncated>0</truncated>
		<difficult>0</difficult>
		<bndbox>
			<xmin>103</xmin>
			<ymin>22</ymin>
			<xmax>183</xmax>
			<ymax>182</ymax>
		</bndbox>
	</object>
	<object>
		<name>Ranger</name>
		<pose>Unspecified</pose>
		<truncated>0</truncated>
		<difficult>0</difficult>
		<bndbox>
			<xmin>49</xmin>
			<ymin>82</ymin>
			<xmax>82</xmax>
			<ymax>187</ymax>
		</bndbox>
	</object>
	<object>
		<name>Ranger</name>
		<pose>Unspecified</pose>
		<truncated>0</truncated>
		<difficult>0</difficult>
		<bndbox>
			<xmin>34</xmin>
			<ymin>101</ymin>
			<xmax>52</xmax>
			<ymax>156</ymax>
		</bndbox>
	</object>
</annotation>
