<annotation>
	<folder>Data</folder>
	<filename>251.jpg</filename>
	<path>C:\Users\lant\Desktop\illegal_poacher_detection\Data\251.jpg</path>
	<source>
		<database>Unknown</database>
	</source>
	<size>
		<width>224</width>
		<height>224</height>
		<depth>3</depth>
	</size>
	<segmented>0</segmented>
	<object>
		<name>Poacher</name>
		<pose>Unspecified</pose>
		<truncated>0</truncated>
		<difficult>0</difficult>
		<bndbox>
			<xmin>103</xmin>
			<ymin>29</ymin>
			<xmax>193</xmax>
			<ymax>157</ymax>
		</bndbox>
	</object>
</annotation>
