<annotation>
	<folder>Data</folder>
	<filename>253.jpg</filename>
	<path>C:\Users\lant\Desktop\illegal_poacher_detection\Data\253.jpg</path>
	<source>
		<database>Unknown</database>
	</source>
	<size>
		<width>224</width>
		<height>224</height>
		<depth>3</depth>
	</size>
	<segmented>0</segmented>
	<object>
		<name>Poacher</name>
		<pose>Unspecified</pose>
		<truncated>0</truncated>
		<difficult>0</difficult>
		<bndbox>
			<xmin>133</xmin>
			<ymin>10</ymin>
			<xmax>163</xmax>
			<ymax>96</ymax>
		</bndbox>
	</object>
	<object>
		<name>Poacher</name>
		<pose>Unspecified</pose>
		<truncated>0</truncated>
		<difficult>0</difficult>
		<bndbox>
			<xmin>101</xmin>
			<ymin>9</ymin>
			<xmax>131</xmax>
			<ymax>84</ymax>
		</bndbox>
	</object>
	<object>
		<name>Poacher</name>
		<pose>Unspecified</pose>
		<truncated>0</truncated>
		<difficult>0</difficult>
		<bndbox>
			<xmin>68</xmin>
			<ymin>14</ymin>
			<xmax>104</xmax>
			<ymax>88</ymax>
		</bndbox>
	</object>
	<object>
		<name>Poacher</name>
		<pose>Unspecified</pose>
		<truncated>0</truncated>
		<difficult>0</difficult>
		<bndbox>
			<xmin>39</xmin>
			<ymin>6</ymin>
			<xmax>71</xmax>
			<ymax>74</ymax>
		</bndbox>
	</object>
</annotation>
