<annotation>
	<folder>Data</folder>
	<filename>262.jpg</filename>
	<path>C:\Users\lant\Desktop\illegal_poacher_detection\Data\262.jpg</path>
	<source>
		<database>Unknown</database>
	</source>
	<size>
		<width>224</width>
		<height>224</height>
		<depth>3</depth>
	</size>
	<segmented>0</segmented>
	<object>
		<name>Poacher</name>
		<pose>Unspecified</pose>
		<truncated>0</truncated>
		<difficult>0</difficult>
		<bndbox>
			<xmin>22</xmin>
			<ymin>38</ymin>
			<xmax>70</xmax>
			<ymax>155</ymax>
		</bndbox>
	</object>
	<object>
		<name>Ranger</name>
		<pose>Unspecified</pose>
		<truncated>0</truncated>
		<difficult>0</difficult>
		<bndbox>
			<xmin>130</xmin>
			<ymin>26</ymin>
			<xmax>180</xmax>
			<ymax>182</ymax>
		</bndbox>
	</object>
</annotation>
