<annotation>
	<folder>Data</folder>
	<filename>263.jpg</filename>
	<path>C:\Users\lant\Desktop\illegal_poacher_detection\Data\263.jpg</path>
	<source>
		<database>Unknown</database>
	</source>
	<size>
		<width>224</width>
		<height>224</height>
		<depth>3</depth>
	</size>
	<segmented>0</segmented>
	<object>
		<name>Poacher</name>
		<pose>Unspecified</pose>
		<truncated>0</truncated>
		<difficult>0</difficult>
		<bndbox>
			<xmin>115</xmin>
			<ymin>67</ymin>
			<xmax>137</xmax>
			<ymax>144</ymax>
		</bndbox>
	</object>
	<object>
		<name>Poacher</name>
		<pose>Unspecified</pose>
		<truncated>0</truncated>
		<difficult>0</difficult>
		<bndbox>
			<xmin>39</xmin>
			<ymin>68</ymin>
			<xmax>113</xmax>
			<ymax>206</ymax>
		</bndbox>
	</object>
</annotation>
