<annotation>
	<folder>Data</folder>
	<filename>271.jpg</filename>
	<path>C:\Users\lant\Desktop\illegal_poacher_detection\Data\271.jpg</path>
	<source>
		<database>Unknown</database>
	</source>
	<size>
		<width>224</width>
		<height>224</height>
		<depth>3</depth>
	</size>
	<segmented>0</segmented>
	<object>
		<name>Poacher</name>
		<pose>Unspecified</pose>
		<truncated>0</truncated>
		<difficult>0</difficult>
		<bndbox>
			<xmin>8</xmin>
			<ymin>57</ymin>
			<xmax>52</xmax>
			<ymax>196</ymax>
		</bndbox>
	</object>
	<object>
		<name>Poacher</name>
		<pose>Unspecified</pose>
		<truncated>0</truncated>
		<difficult>0</difficult>
		<bndbox>
			<xmin>183</xmin>
			<ymin>15</ymin>
			<xmax>213</xmax>
			<ymax>83</ymax>
		</bndbox>
	</object>
	<object>
		<name>Poacher</name>
		<pose>Unspecified</pose>
		<truncated>0</truncated>
		<difficult>0</difficult>
		<bndbox>
			<xmin>93</xmin>
			<ymin>30</ymin>
			<xmax>168</xmax>
			<ymax>199</ymax>
		</bndbox>
	</object>
</annotation>
