<annotation>
	<folder>Data</folder>
	<filename>274.jpg</filename>
	<path>C:\Users\lant\Desktop\illegal_poacher_detection\Data\274.jpg</path>
	<source>
		<database>Unknown</database>
	</source>
	<size>
		<width>224</width>
		<height>224</height>
		<depth>3</depth>
	</size>
	<segmented>0</segmented>
	<object>
		<name>Ranger</name>
		<pose>Unspecified</pose>
		<truncated>0</truncated>
		<difficult>0</difficult>
		<bndbox>
			<xmin>158</xmin>
			<ymin>22</ymin>
			<xmax>203</xmax>
			<ymax>218</ymax>
		</bndbox>
	</object>
	<object>
		<name>Ranger</name>
		<pose>Unspecified</pose>
		<truncated>0</truncated>
		<difficult>0</difficult>
		<bndbox>
			<xmin>117</xmin>
			<ymin>35</ymin>
			<xmax>143</xmax>
			<ymax>74</ymax>
		</bndbox>
	</object>
	<object>
		<name>Ranger</name>
		<pose>Unspecified</pose>
		<truncated>0</truncated>
		<difficult>0</difficult>
		<bndbox>
			<xmin>190</xmin>
			<ymin>33</ymin>
			<xmax>213</xmax>
			<ymax>83</ymax>
		</bndbox>
	</object>
	<object>
		<name>Ranger</name>
		<pose>Unspecified</pose>
		<truncated>0</truncated>
		<difficult>0</difficult>
		<bndbox>
			<xmin>114</xmin>
			<ymin>75</ymin>
			<xmax>153</xmax>
			<ymax>129</ymax>
		</bndbox>
	</object>
	<object>
		<name>Ranger</name>
		<pose>Unspecified</pose>
		<truncated>0</truncated>
		<difficult>0</difficult>
		<bndbox>
			<xmin>92</xmin>
			<ymin>64</ymin>
			<xmax>124</xmax>
			<ymax>112</ymax>
		</bndbox>
	</object>
	<object>
		<name>Ranger</name>
		<pose>Unspecified</pose>
		<truncated>1</truncated>
		<difficult>0</difficult>
		<bndbox>
			<xmin>208</xmin>
			<ymin>42</ymin>
			<xmax>224</xmax>
			<ymax>157</ymax>
		</bndbox>
	</object>
</annotation>
