<annotation>
	<folder>Data</folder>
	<filename>285.jpg</filename>
	<path>C:\Users\lant\Desktop\illegal_poacher_detection\Data\285.jpg</path>
	<source>
		<database>Unknown</database>
	</source>
	<size>
		<width>224</width>
		<height>224</height>
		<depth>3</depth>
	</size>
	<segmented>0</segmented>
	<object>
		<name>Poacher</name>
		<pose>Unspecified</pose>
		<truncated>0</truncated>
		<difficult>0</difficult>
		<bndbox>
			<xmin>93</xmin>
			<ymin>39</ymin>
			<xmax>138</xmax>
			<ymax>125</ymax>
		</bndbox>
	</object>
	<object>
		<name>Poacher</name>
		<pose>Unspecified</pose>
		<truncated>0</truncated>
		<difficult>0</difficult>
		<bndbox>
			<xmin>2</xmin>
			<ymin>65</ymin>
			<xmax>34</xmax>
			<ymax>170</ymax>
		</bndbox>
	</object>
</annotation>
