<annotation>
	<folder>Data</folder>
	<filename>287.jpg</filename>
	<path>C:\Users\lant\Desktop\illegal_poacher_detection\Data\287.jpg</path>
	<source>
		<database>Unknown</database>
	</source>
	<size>
		<width>224</width>
		<height>224</height>
		<depth>3</depth>
	</size>
	<segmented>0</segmented>
	<object>
		<name>Poacher</name>
		<pose>Unspecified</pose>
		<truncated>0</truncated>
		<difficult>0</difficult>
		<bndbox>
			<xmin>72</xmin>
			<ymin>46</ymin>
			<xmax>129</xmax>
			<ymax>133</ymax>
		</bndbox>
	</object>
	<object>
		<name>Ranger</name>
		<pose>Unspecified</pose>
		<truncated>1</truncated>
		<difficult>0</difficult>
		<bndbox>
			<xmin>136</xmin>
			<ymin>1</ymin>
			<xmax>211</xmax>
			<ymax>135</ymax>
		</bndbox>
	</object>
	<object>
		<name>Ranger</name>
		<pose>Unspecified</pose>
		<truncated>1</truncated>
		<difficult>0</difficult>
		<bndbox>
			<xmin>19</xmin>
			<ymin>1</ymin>
			<xmax>78</xmax>
			<ymax>132</ymax>
		</bndbox>
	</object>
</annotation>
