<annotation>
	<folder>Data</folder>
	<filename>291.jpg</filename>
	<path>C:\Users\lant\Desktop\illegal_poacher_detection\Data\291.jpg</path>
	<source>
		<database>Unknown</database>
	</source>
	<size>
		<width>224</width>
		<height>224</height>
		<depth>3</depth>
	</size>
	<segmented>0</segmented>
	<object>
		<name>Poacher</name>
		<pose>Unspecified</pose>
		<truncated>0</truncated>
		<difficult>0</difficult>
		<bndbox>
			<xmin>28</xmin>
			<ymin>6</ymin>
			<xmax>91</xmax>
			<ymax>160</ymax>
		</bndbox>
	</object>
</annotation>
