<annotation>
	<folder>Data</folder>
	<filename>4.jpg</filename>
	<path>C:\Users\lant\Desktop\illegal_poacher_detection\Data\4.jpg</path>
	<source>
		<database>Unknown</database>
	</source>
	<size>
		<width>224</width>
		<height>224</height>
		<depth>3</depth>
	</size>
	<segmented>0</segmented>
	<object>
		<name>Poacher</name>
		<pose>Unspecified</pose>
		<truncated>0</truncated>
		<difficult>0</difficult>
		<bndbox>
			<xmin>88</xmin>
			<ymin>39</ymin>
			<xmax>139</xmax>
			<ymax>155</ymax>
		</bndbox>
	</object>
	<object>
		<name>Poacher</name>
		<pose>Unspecified</pose>
		<truncated>1</truncated>
		<difficult>0</difficult>
		<bndbox>
			<xmin>182</xmin>
			<ymin>33</ymin>
			<xmax>224</xmax>
			<ymax>178</ymax>
		</bndbox>
	</object>
</annotation>
