<annotation>
	<folder>Data</folder>
	<filename>40.jpg</filename>
	<path>C:\Users\lant\Desktop\illegal_poacher_detection\Data\40.jpg</path>
	<source>
		<database>Unknown</database>
	</source>
	<size>
		<width>224</width>
		<height>224</height>
		<depth>3</depth>
	</size>
	<segmented>0</segmented>
	<object>
		<name>Ranger</name>
		<pose>Unspecified</pose>
		<truncated>0</truncated>
		<difficult>0</difficult>
		<bndbox>
			<xmin>85</xmin>
			<ymin>45</ymin>
			<xmax>130</xmax>
			<ymax>168</ymax>
		</bndbox>
	</object>
	<object>
		<name>Ranger</name>
		<pose>Unspecified</pose>
		<truncated>0</truncated>
		<difficult>0</difficult>
		<bndbox>
			<xmin>157</xmin>
			<ymin>94</ymin>
			<xmax>205</xmax>
			<ymax>175</ymax>
		</bndbox>
	</object>
	<object>
		<name>Poacher</name>
		<pose>Unspecified</pose>
		<truncated>0</truncated>
		<difficult>0</difficult>
		<bndbox>
			<xmin>18</xmin>
			<ymin>178</ymin>
			<xmax>158</xmax>
			<ymax>217</ymax>
		</bndbox>
	</object>
</annotation>
