<annotation>
	<folder>Data</folder>
	<filename>45.jpg</filename>
	<path>C:\Users\lant\Desktop\illegal_poacher_detection\Data\45.jpg</path>
	<source>
		<database>Unknown</database>
	</source>
	<size>
		<width>224</width>
		<height>224</height>
		<depth>3</depth>
	</size>
	<segmented>0</segmented>
	<object>
		<name>Ranger</name>
		<pose>Unspecified</pose>
		<truncated>0</truncated>
		<difficult>0</difficult>
		<bndbox>
			<xmin>53</xmin>
			<ymin>57</ymin>
			<xmax>100</xmax>
			<ymax>157</ymax>
		</bndbox>
	</object>
	<object>
		<name>Ranger</name>
		<pose>Unspecified</pose>
		<truncated>0</truncated>
		<difficult>0</difficult>
		<bndbox>
			<xmin>112</xmin>
			<ymin>16</ymin>
			<xmax>181</xmax>
			<ymax>186</ymax>
		</bndbox>
	</object>
</annotation>
