<annotation>
	<folder>Data</folder>
	<filename>48.jpg</filename>
	<path>C:\Users\lant\Desktop\illegal_poacher_detection\Data\48.jpg</path>
	<source>
		<database>Unknown</database>
	</source>
	<size>
		<width>224</width>
		<height>224</height>
		<depth>3</depth>
	</size>
	<segmented>0</segmented>
	<object>
		<name>Poacher</name>
		<pose>Unspecified</pose>
		<truncated>0</truncated>
		<difficult>0</difficult>
		<bndbox>
			<xmin>10</xmin>
			<ymin>10</ymin>
			<xmax>39</xmax>
			<ymax>126</ymax>
		</bndbox>
	</object>
	<object>
		<name>Poacher</name>
		<pose>Unspecified</pose>
		<truncated>0</truncated>
		<difficult>0</difficult>
		<bndbox>
			<xmin>114</xmin>
			<ymin>12</ymin>
			<xmax>179</xmax>
			<ymax>106</ymax>
		</bndbox>
	</object>
</annotation>
