<annotation>
	<folder>Data</folder>
	<filename>56.jpg</filename>
	<path>C:\Users\lant\Desktop\illegal_poacher_detection\Data\56.jpg</path>
	<source>
		<database>Unknown</database>
	</source>
	<size>
		<width>224</width>
		<height>224</height>
		<depth>3</depth>
	</size>
	<segmented>0</segmented>
	<object>
		<name>Ranger</name>
		<pose>Unspecified</pose>
		<truncated>0</truncated>
		<difficult>0</difficult>
		<bndbox>
			<xmin>34</xmin>
			<ymin>39</ymin>
			<xmax>92</xmax>
			<ymax>170</ymax>
		</bndbox>
	</object>
	<object>
		<name>Poacher</name>
		<pose>Unspecified</pose>
		<truncated>0</truncated>
		<difficult>0</difficult>
		<bndbox>
			<xmin>101</xmin>
			<ymin>165</ymin>
			<xmax>168</xmax>
			<ymax>209</ymax>
		</bndbox>
	</object>
</annotation>
