<annotation>
	<folder>Data</folder>
	<filename>64.jpg</filename>
	<path>C:\Users\lant\Desktop\illegal_poacher_detection\Data\64.jpg</path>
	<source>
		<database>Unknown</database>
	</source>
	<size>
		<width>224</width>
		<height>224</height>
		<depth>3</depth>
	</size>
	<segmented>0</segmented>
	<object>
		<name>Poacher</name>
		<pose>Unspecified</pose>
		<truncated>0</truncated>
		<difficult>0</difficult>
		<bndbox>
			<xmin>77</xmin>
			<ymin>21</ymin>
			<xmax>116</xmax>
			<ymax>106</ymax>
		</bndbox>
	</object>
	<object>
		<name>Poacher</name>
		<pose>Unspecified</pose>
		<truncated>0</truncated>
		<difficult>0</difficult>
		<bndbox>
			<xmin>47</xmin>
			<ymin>65</ymin>
			<xmax>78</xmax>
			<ymax>135</ymax>
		</bndbox>
	</object>
	<object>
		<name>Poacher</name>
		<pose>Unspecified</pose>
		<truncated>0</truncated>
		<difficult>0</difficult>
		<bndbox>
			<xmin>108</xmin>
			<ymin>59</ymin>
			<xmax>138</xmax>
			<ymax>114</ymax>
		</bndbox>
	</object>
</annotation>
