<annotation>
	<folder>Data</folder>
	<filename>72.jpg</filename>
	<path>C:\Users\lant\Desktop\illegal_poacher_detection\Data\72.jpg</path>
	<source>
		<database>Unknown</database>
	</source>
	<size>
		<width>224</width>
		<height>224</height>
		<depth>3</depth>
	</size>
	<segmented>0</segmented>
	<object>
		<name>Ranger</name>
		<pose>Unspecified</pose>
		<truncated>0</truncated>
		<difficult>0</difficult>
		<bndbox>
			<xmin>6</xmin>
			<ymin>2</ymin>
			<xmax>90</xmax>
			<ymax>162</ymax>
		</bndbox>
	</object>
	<object>
		<name>Ranger</name>
		<pose>Unspecified</pose>
		<truncated>0</truncated>
		<difficult>0</difficult>
		<bndbox>
			<xmin>105</xmin>
			<ymin>2</ymin>
			<xmax>209</xmax>
			<ymax>163</ymax>
		</bndbox>
	</object>
</annotation>
