<annotation>
	<folder>Data</folder>
	<filename>94.jpg</filename>
	<path>C:\Users\lant\Desktop\illegal_poacher_detection\Data\94.jpg</path>
	<source>
		<database>Unknown</database>
	</source>
	<size>
		<width>224</width>
		<height>224</height>
		<depth>3</depth>
	</size>
	<segmented>0</segmented>
	<object>
		<name>Ranger</name>
		<pose>Unspecified</pose>
		<truncated>1</truncated>
		<difficult>0</difficult>
		<bndbox>
			<xmin>1</xmin>
			<ymin>3</ymin>
			<xmax>143</xmax>
			<ymax>204</ymax>
		</bndbox>
	</object>
</annotation>
